{"train/loss":0.8013969659805298,"train/mse":1890.865966796875,"_runtime":5.182470816,"_step":4,"stats/forward_flops":83377570304,"_timestamp":1.7470772476138148e+09,"_wandb":{"runtime":5}}