{"_step":0,"_runtime":345.833384964,"stats/n_influenced":7172,"_wandb":{"runtime":345},"stats/before_gpu_memory":0.004780292510986328,"stats/runtime":0.00031757354736328125,"stats/peak_gpu_memory":0.004780292510986328,"stats/after_gpu_memory":0.004780292510986328,"_timestamp":1.7465564649900112e+09}