{"_wandb":{"runtime":3},"train/mse":1303.0401611328125,"_timestamp":1.7466277269967954e+09,"_runtime":3.458262381,"_step":9,"train/loss":0.5522614121437073}