{"train/mse":3094.87451171875,"_timestamp":1.746737654955141e+09,"_runtime":3.2597728249999998,"_step":0,"_wandb":{"runtime":3},"train/loss":1.3116861581802368}