{"_runtime":31.055194528,"_timestamp":1.7469032057849915e+09,"train/loss":0.18751175701618195,"avg/train/loss":0.4696187973022461,"avg/val/mse":803.3278198242188,"_wandb":{"runtime":31},"global_step":99,"avg/val/loss":0.3404708504676819,"stats/forward_flops":78479671808,"_step":99,"checkpoint/best_val_loss":0.3404708504676819,"train/mse":442.42694091796875,"avg/train/mse":1108.0478515625}