{"train/mse":147.84774780273438,"train/loss":0.06266161799430847,"avg/val/mse":175.31109619140625,"avg/train/loss":0.07517289370298386,"stats/forward_flops":108650570240,"global_step":599,"stats/steps_per_second":10.338993465706736,"checkpoint/best_val_loss":0.07430128008127213,"avg/val/loss":0.07430128008127213,"_wandb":{"runtime":425},"avg/train/mse":177.36767578125,"_timestamp":1.746631239543957e+09,"_step":599,"_runtime":425.097527335}