{"train/loss":0.5839977264404297,"train/mse":1377.9208984375,"_wandb":{"runtime":4},"_timestamp":1.7467383375933597e+09,"_runtime":4.152905037,"_step":9}