{"_timestamp":1.746738462994239e+09,"_wandb":{"runtime":4},"_runtime":4.218312979,"_step":9,"train/loss":0.7252454161643982,"train/mse":1711.189453125}