{"train/loss":0.7438088059425354,"train/mse":1754.9888916015625,"_timestamp":1.746739091073135e+09,"_runtime":7.120774213,"_step":9,"_wandb":{"runtime":7}}