{"train/mse":2960.92041015625,"_wandb":{"runtime":3},"_timestamp":1.746737823865613e+09,"_runtime":3.108053706,"_step":0,"train/loss":1.254913091659546}