{"_runtime":527.942135297,"stats/n_influenced":7172,"stats/peak_gpu_memory":0.004780292510986328,"stats/before_gpu_memory":0.004780292510986328,"_step":0,"_wandb":{"runtime":527},"stats/runtime":0.00033402442932128906,"stats/after_gpu_memory":0.004780292510986328,"_timestamp":1.7464018938972375e+09}